<?xml version="1.0" encoding="UTF-8"?>
<project-private xmlns="http://www.netbeans.org/ns/project-private/1">
    <editor-bookmarks xmlns="http://www.netbeans.org/ns/editor-bookmarks/2" lastBookmarkId="0"/>
    <open-files xmlns="http://www.netbeans.org/ns/projectui-open-files/2">
        <group>
            <file>file:/C:/Users/ASUS/Documents/Thiago/APS%203º%20Semestre/APS/Aps_projeto%2014.05..12.12/Aps_projeto/src/MODEL/CriadorDeGrafico.java</file>
            <file>file:/C:/Users/ASUS/Documents/Thiago/APS%203º%20Semestre/APS/Aps_projeto%2014.05..12.12/Aps_projeto/src/VIEW/InserirDados.java</file>
            <file>file:/C:/Users/ASUS/Documents/Thiago/APS%203º%20Semestre/APS/Aps_projeto%2014.05..12.12/Aps_projeto/src/VIEW/OpcaoGrafico.java</file>
            <file>file:/C:/Users/ASUS/Documents/Thiago/APS%203º%20Semestre/APS/Aps_projeto%2014.05..12.12/Aps_projeto/src/MODEL/DadosInput.java</file>
        </group>
    </open-files>
</project-private>
